[
  {
    "id": "watch-royal-01",
    "sku": "SA-W-001",
    "name": "Royal Heritage Chronograph",
    "brand": "SA Collection's",
    "category": "watches",
    "price": 129999,
    "description": "Swiss movement, sapphire glass, rose-gold plated case — a statement of luxury.",
    "image": "https://images.unsplash.com/photo-1518546305928-3f8f0d6b3b3d?q=80&w=1200&auto=format&fit=crop&ixlib=rb-4.0.3&s=0d73c3d3f8b517a8a0d7c6f4f2d6c0e3",
    "model": "",
    "variants": [
      { "name": "Rose Gold / Brown Leather" },
      { "name": "Silver / Black Stainless" }
    ],
    "tags": ["luxury","chronograph","automatic"]
  },
  {
    "id": "sunglasses-elite-01",
    "sku": "SA-S-101",
    "name": "Elite Aviator Sunglasses",
    "brand": "TopBrand",
    "category": "sunglasses",
    "price": 14999,
    "description": "Polarized lenses, titanium frame and premium comfort nose pads.",
    "image": "https://images.unsplash.com/photo-1519681393784-d120267933ba?q=80&w=1200&auto=format&fit=crop&ixlib=rb-4.0.3&s=c7beb4b5d6db7e8b8de3b2d4a1f7f3e2",
    "model": "",
    "variants": [
      { "name": "Gold Frame / Brown Lens" },
      { "name": "Black Frame / Grey Lens" }
    ],
    "tags": ["aviator","polarized","premium"]
  },
  {
    "id": "perfume-ambrosia-01",
    "sku": "SA-P-501",
    "name": "Ambrosia Extrait",
    "brand": "SA Collection's",
    "category": "perfume",
    "price": 7999,
    "description": "Concentrated extrait de parfum — long-lasting signature scent in a crafted bottle.",
    "image": "https://images.unsplash.com/photo-1519741491426-1e6c71e9a0b5?q=80&w=1200&auto=format&fit=crop&ixlib=rb-4.0.3&s=7e8d058c3bddeaabc0c8d9f2a4a8c1c3",
    "model": "",
    "variants": [
      { "name": "100ml" },
      { "name": "50ml" }
    ],
    "tags": ["extrait","luxury","scent"]
  },
  {
    "id": "watch-3d-demo",
    "sku": "SA-W-3D",
    "name": "3D Showcase Watch",
    "brand": "SA 3D",
    "category": "watches",
    "price": 44999,
    "description": "Interactive 3D preview. Replace model URL with your GLTF/GLB file to enable 3D viewing.",
    "image": "assets/placeholder-watch.jpg",
    "model": "https://models.babylonjs.com/boombox/glTF/Boombox.gltf",
    "variants": [
      { "name": "Black / Steel" }
    ],
    "tags": ["3d","demo","interactive"]
  },

  {
    "id": "ap-royale-01",
    "sku": "SA-AP-001",
    "name": "Royal Oak Offshore",
    "brand": "Audemars Piguet",
    "category": "watches",
    "price": 24500000,
    "description": "Iconic Royal Oak Offshore — Swiss precision, octagonal bezel and sporty-luxe finish.",
    "image": "https://images.unsplash.com/photo-1549921296-3a8f9b4b6f9f?q=80&w=1200&auto=format&fit=crop&ixlib=rb-4.0.3",
    "model": "",
    "variants": [
      { "name": "Rose Gold / Rubber" },
      { "name": "Steel / Black Dial" }
    ],
    "tags": ["audemars piguet","royal oak","luxury"]
  },
  {
    "id": "patek-naut-01",
    "sku": "SA-PP-001",
    "name": "Nautilus Classic",
    "brand": "Patek Philippe",
    "category": "watches",
    "price": 32000000,
    "description": "Timeless Patek Philippe Nautilus — exquisite finishing and investment-grade craftsmanship.",
    "image": "https://images.unsplash.com/photo-1508057198894-247b23fe5ade?q=80&w=1200&auto=format&fit=crop&ixlib=rb-4.0.3",
    "model": "",
    "variants": [
      { "name": "Steel / Blue Dial" },
      { "name": "Gold / Black Dial" }
    ],
    "tags": ["patek philippe","nautilus","collectible"]
  },
  {
    "id": "rolex-sub-01",
    "sku": "SA-RO-001",
    "name": "Submariner Date",
    "brand": "Rolex",
    "category": "watches",
    "price": 12500000,
    "description": "Rolex Submariner — legendary diver's watch, ceramic bezel and water resistance for life.",
    "image": "https://images.unsplash.com/photo-1522312346375-d1a52e2b99b3?q=80&w=1200&auto=format&fit=crop&ixlib=rb-4.0.3",
    "model": "",
    "variants": [
      { "name": "Steel / Black" },
      { "name": "Steel / Green" }
    ],
    "tags": ["rolex","submariner","diver"]
  },
  {
    "id": "hublot-classic-01",
    "sku": "SA-HB-001",
    "name": "Classic Fusion",
    "brand": "Hublot",
    "category": "watches",
    "price": 9500000,
    "description": "Hublot Classic Fusion — bold design language with modern materials and finish.",
    "image": "https://images.unsplash.com/photo-1512314889357-e157c22f938d?q=80&w=1200&auto=format&fit=crop&ixlib=rb-4.0.3",
    "model": "",
    "variants": [
      { "name": "Ceramic / Rubber" },
      { "name": "Titanium / Leather" }
    ],
    "tags": ["hublot","fusion","bold"]
  },
  {
    "id": "tissot-elegant-01",
    "sku": "SA-TS-001",
    "name": "Tissot Gentleman",
    "brand": "Tissot",
    "category": "watches",
    "price": 34999,
    "description": "Tissot Gentleman — classic design, Swiss quartz/automatic options and great value.",
    "image": "https://images.unsplash.com/photo-1526178613530-15559a68f4b9?q=80&w=1200&auto=format&fit=crop&ixlib=rb-4.0.3",
    "model": "",
    "variants": [
      { "name": "Leather / Silver" },
      { "name": "Bracelet / Black" }
    ],
    "tags": ["tissot","value","swiss"]
  },
  {
    "id": "gucci-fashion-01",
    "sku": "SA-GC-001",
    "name": "Gucci Timeless",
    "brand": "Gucci",
    "category": "watches",
    "price": 89999,
    "description": "Gucci Timeless — fashion-forward watch with signature branding and fine details.",
    "image": "https://images.unsplash.com/photo-1523275335684-37898b6baf30?q=80&w=1200&auto=format&fit=crop&ixlib=rb-4.0.3",
    "model": "",
    "variants": [
      { "name": "Gold / Brown" },
      { "name": "Silver / Black" }
    ],
    "tags": ["gucci","fashion","luxury"]
  },
  {
    "id": "fossil-minimal-01",
    "sku": "SA-FS-001",
    "name": "Fossil Minimalist",
    "brand": "Fossil",
    "category": "watches",
    "price": 8999,
    "description": "Everyday Fossil watch — clean lines, durable strap and reliable quartz movement.",
    "image": "https://images.unsplash.com/photo-1490367532201-b9bc1dc483f6?q=80&w=1200&auto=format&fit=crop&ixlib=rb-4.0.3",
    "model": "",
    "variants": [
      { "name": "Brown Leather" },
      { "name": "Mesh Bracelet" }
    ],
    "tags": ["fossil","casual","everyday"]
  },
  {
    "id": "mk-sophia-01",
    "sku": "SA-MK-001",
    "name": "Michael Kors Lexington",
    "brand": "Michael Kors",
    "category": "watches",
    "price": 19999,
    "description": "Michael Kors Lexington — statement piece with polished case and distinctive dial.",
    "image": "https://images.unsplash.com/photo-1522312346375-d1a52e2b99b3?q=80&w=1200&auto=format&fit=crop&ixlib=rb-4.0.3",
    "model": "",
    "variants": [
      { "name": "Rose Gold" },
      { "name": "Silver" }
    ],
    "tags": ["michael kors","fashion","mk"]
  },
  {
    "id": "omega-speed-01",
    "sku": "SA-OM-001",
    "name": "Speedmaster Professional",
    "brand": "Omega",
    "category": "watches",
    "price": 625000,
    "description": "Omega Speedmaster — legendary chronograph with historical pedigree and precise movement.",
    "image": "https://images.unsplash.com/photo-1519744792095-2f2205e87b6f?q=80&w=1200&auto=format&fit=crop&ixlib=rb-4.0.3",
    "model": "",
    "variants": [
      { "name": "Steel / Hesalite" },
      { "name": "Steel / Sapphire" }
    ],
    "tags": ["omega","speedmaster","chronograph"]
  }
]